player_id,sessions_count_total,avg_session_duration_sec,levels_completed,levels_failed,purchases_count,total_spend,first_event_time,last_event_time,days_since_install,days_since_last_active,at_risk
30,6,425.5,8,2,0,0.0,2026-08-01 08:07:00,2026-08-12 14:05:35,13.620243055555555,2.371226851851852,0
90,7,389.85714285714283,7,2,0,0.0,2026-08-01 08:21:00,2026-08-14 13:12:24,13.610520833333334,0.40815972222222224,0
54,8,472.375,11,7,0,0.0,2026-08-01 08:43:00,2026-08-11 18:18:28,13.595243055555555,3.195613425925926,1
121,2,223.5,1,1,0,0.0,2026-08-01 08:45:00,2026-08-04 12:28:01,13.593854166666667,10.438981481481482,1
104,10,261.9,10,1,0,0.0,2026-08-01 10:19:00,2026-08-10 10:42:15,13.528576388888888,4.5124305555555555,1
50,3,772.0,5,5,0,0.0,2026-08-01 10:52:00,2026-08-07 20:01:30,13.505659722222223,7.1240625,1
43,8,354.25,10,3,0,0.0,2026-08-01 11:15:00,2026-08-10 15:59:34,13.4896875,4.292071759259259,1
132,2,286.5,2,1,0,0.0,2026-08-01 11:28:00,2026-08-01 15:55:26,13.480659722222223,13.29494212962963,1
160,9,600.4444444444445,15,10,0,0.0,2026-08-01 12:58:00,2026-08-09 17:55:44,13.418159722222223,5.211400462962963,1
173,13,293.0,12,3,0,0.0,2026-08-01 13:42:00,2026-08-13 19:16:55,13.387604166666666,1.155023148148148,0
96,1,542.0,3,0,0,0.0,2026-08-01 14:11:00,2026-08-01 14:20:02,13.367465277777777,13.361192129629629,1
58,6,635.0,13,3,0,0.0,2026-08-01 14:30:00,2026-08-08 22:59:03,13.354270833333333,6.000763888888889,1
151,10,499.4,21,2,0,0.0,2026-08-01 14:52:00,2026-08-13 17:33:25,13.338993055555555,1.2268981481481482,0
68,1,646.0,2,1,0,0.0,2026-08-01 16:22:00,2026-08-01 16:32:46,13.276493055555555,13.269016203703703,1
61,2,441.5,3,1,0,0.0,2026-08-01 17:00:00,2026-08-01 21:25:45,13.250104166666667,13.065555555555555,1
150,3,476.0,5,2,0,0.0,2026-08-01 17:31:00,2026-08-10 10:43:03,13.22857638888889,4.511875,1
84,8,563.0,18,3,0,0.0,2026-08-01 17:32:00,2026-08-07 18:53:14,13.227881944444444,7.171469907407407,1
113,2,280.5,1,1,0,0.0,2026-08-01 18:43:00,2026-08-12 15:31:03,13.178576388888889,2.311875,0
25,10,575.5,14,11,4,30.96,2026-08-01 19:40:00,2026-08-13 20:33:36,13.138993055555556,1.1017708333333334,0
52,5,441.2,7,2,1,19.99,2026-08-01 19:41:00,2026-08-06 15:51:43,13.13829861111111,8.297523148148148,1
163,3,317.3333333333333,2,1,0,0.0,2026-08-01 20:56:00,2026-08-08 09:49:09,13.086215277777777,6.549305555555556,1
166,9,455.3333333333333,16,3,0,0.0,2026-08-02 08:00:00,2026-08-09 10:21:38,12.625104166666667,5.526747685185185,1
120,7,369.57142857142856,9,1,0,0.0,2026-08-02 08:07:00,2026-08-10 14:40:42,12.620243055555555,4.346840277777778,1
11,8,539.625,14,7,0,0.0,2026-08-02 08:09:00,2026-08-11 20:20:05,12.618854166666667,3.1111574074074073,1
162,7,471.0,10,5,0,0.0,2026-08-02 08:15:00,2026-08-09 12:35:39,12.6146875,5.433680555555555,1
124,4,311.25,5,1,0,0.0,2026-08-02 08:30:00,2026-08-06 16:06:51,12.604270833333333,8.28701388888889,1
111,4,313.5,4,1,0,0.0,2026-08-02 09:22:00,2026-08-09 10:05:51,12.568159722222223,5.537708333333334,1
17,10,518.0,18,5,4,36.96,2026-08-02 09:43:00,2026-08-12 20:40:49,12.553576388888889,2.0967592592592594,0
3,7,540.8571428571429,14,5,0,0.0,2026-08-02 09:48:00,2026-08-11 12:25:50,12.550104166666667,3.440497685185185,1
47,13,459.15384615384613,16,13,0,0.0,2026-08-02 10:12:00,2026-08-11 12:31:38,12.5334375,3.436469907407407,1
129,3,694.0,7,1,0,0.0,2026-08-02 10:32:00,2026-08-06 16:13:43,12.51954861111111,8.28224537037037,1
165,10,556.0,19,9,0,0.0,2026-08-02 11:03:00,2026-08-12 18:32:30,12.498020833333333,2.1858680555555554,0
152,3,294.3333333333333,2,1,0,0.0,2026-08-02 11:59:00,2026-08-05 14:27:27,12.459131944444444,9.356041666666666,1
60,9,537.6666666666666,14,6,0,0.0,2026-08-02 12:14:00,2026-08-12 09:34:22,12.448715277777778,2.559571759259259,0
155,2,399.0,5,0,0,0.0,2026-08-02 12:22:00,2026-08-03 12:39:22,12.443159722222223,11.431099537037037,1
106,4,402.25,4,2,0,0.0,2026-08-02 12:56:00,2026-08-05 12:13:16,12.41954861111111,9.449224537037036,1
88,3,190.33333333333334,3,0,0,0.0,2026-08-02 13:03:00,2026-08-04 17:43:28,12.4146875,10.21991898148148,1
101,1,271.0,1,0,0,0.0,2026-08-02 13:31:00,2026-08-02 13:35:31,12.395243055555556,12.392106481481482,1
115,13,304.2307692307692,12,2,1,9.99,2026-08-02 13:37:00,2026-08-14 22:23:49,12.391076388888889,0.025231481481481483,0
48,7,617.0,14,6,0,0.0,2026-08-02 13:52:00,2026-08-10 21:44:58,12.380659722222223,4.052210648148148,1
136,1,492.0,1,1,0,0.0,2026-08-02 14:15:00,2026-08-02 14:23:12,12.3646875,12.358993055555555,1
139,3,425.6666666666667,4,1,0,0.0,2026-08-02 14:44:00,2026-08-12 11:58:05,12.344548611111112,2.4597685185185183,0
171,3,591.6666666666666,7,1,0,0.0,2026-08-02 15:13:00,2026-08-04 19:26:50,12.324409722222223,10.148136574074075,1
18,3,428.6666666666667,5,1,0,0.0,2026-08-02 16:03:00,2026-08-13 21:06:05,12.2896875,1.079212962962963,0
59,7,562.2857142857143,14,1,1,0.99,2026-08-02 16:48:00,2026-08-07 17:29:39,12.2584375,7.229513888888889,1
180,9,410.6666666666667,15,3,0,0.0,2026-08-02 16:57:00,2026-08-10 17:24:58,12.2521875,4.2327662037037035,1
29,1,191.0,1,0,0,0.0,2026-08-02 17:00:00,2026-08-02 17:03:11,12.250104166666667,12.247893518518518,1
40,1,343.0,1,0,0,0.0,2026-08-02 17:36:00,2026-08-02 17:41:43,12.225104166666666,12.221134259259259,1
56,1,208.0,1,0,0,0.0,2026-08-02 17:36:00,2026-08-02 17:39:28,12.225104166666666,12.222696759259259,1
83,1,686.0,2,1,0,0.0,2026-08-02 18:52:00,2026-08-02 19:03:26,12.172326388888889,12.164386574074074,1
110,6,430.1666666666667,6,5,0,0.0,2026-08-02 19:25:00,2026-08-08 15:04:42,12.149409722222222,6.330173611111111,1
16,1,265.0,1,0,0,0.0,2026-08-02 19:45:00,2026-08-02 19:49:25,12.135520833333333,12.132453703703703,1
14,1,463.0,2,0,0,0.0,2026-08-02 20:09:00,2026-08-02 20:16:43,12.118854166666667,12.113495370370371,1
9,3,279.6666666666667,3,0,0,0.0,2026-08-02 20:18:00,2026-08-08 12:32:41,12.112604166666667,6.435740740740741,1
45,3,489.0,6,1,0,0.0,2026-08-02 20:18:00,2026-08-04 21:47:49,12.112604166666667,10.05023148148148,1
108,2,599.5,4,2,0,0.0,2026-08-02 20:18:00,2026-08-06 22:17:06,12.112604166666667,8.029895833333333,1
154,2,431.0,3,1,0,0.0,2026-08-02 21:16:00,2026-08-04 11:59:16,12.07232638888889,10.458946759259259,1
126,2,474.5,3,1,0,0.0,2026-08-03 08:08:00,2026-08-05 12:26:38,11.619548611111112,9.43994212962963,1
41,2,653.0,2,3,0,0.0,2026-08-03 08:09:00,2026-08-06 13:31:19,11.618854166666667,8.395023148148148,1
175,10,275.5,9,1,0,0.0,2026-08-03 08:41:00,2026-08-13 13:10:45,11.596631944444445,1.4093055555555556,0
24,3,598.6666666666666,5,3,0,0.0,2026-08-03 09:05:00,2026-08-08 09:25:21,11.579965277777777,6.565833333333333,1
141,2,867.0,5,2,0,0.0,2026-08-03 09:23:00,2026-08-03 21:18:15,11.567465277777778,11.070763888888889,1
13,9,238.77777777777777,7,2,0,0.0,2026-08-03 11:21:00,2026-08-08 20:27:48,11.485520833333334,6.105798611111111,1
159,6,225.5,5,1,0,0.0,2026-08-03 12:09:00,2026-08-13 15:14:03,11.4521875,1.3236805555555555,0
34,2,351.5,2,2,0,0.0,2026-08-03 12:45:00,2026-08-12 13:16:12,11.4271875,2.4055208333333336,0
177,1,515.0,2,0,0,0.0,2026-08-03 13:39:00,2026-08-03 13:47:35,11.3896875,11.383726851851852,1
168,10,232.9,7,3,0,0.0,2026-08-03 13:44:00,2026-08-13 11:06:50,11.386215277777778,1.4953587962962962,0
10,6,538.1666666666666,11,3,0,0.0,2026-08-03 13:50:00,2026-08-12 20:18:23,11.382048611111111,2.112337962962963,0
140,9,508.6666666666667,14,5,0,0.0,2026-08-03 14:13:00,2026-08-13 11:14:23,11.366076388888889,1.4901157407407408,0
172,5,565.0,7,5,0,0.0,2026-08-03 15:07:00,2026-08-05 22:39:26,11.328576388888889,9.014386574074074,1
21,2,301.0,2,0,0,0.0,2026-08-03 15:10:00,2026-08-03 23:00:58,11.326493055555556,10.99943287037037,1
164,1,953.0,3,1,0,0.0,2026-08-03 15:29:00,2026-08-03 15:44:53,11.313298611111112,11.302268518518519,1
153,4,453.0,6,2,0,0.0,2026-08-03 15:42:00,2026-08-07 09:10:34,11.304270833333334,7.576099537037037,1
105,8,547.5,15,6,0,0.0,2026-08-03 17:51:00,2026-08-11 16:53:00,11.2146875,3.254965277777778,1
23,4,409.75,3,4,0,0.0,2026-08-03 17:54:00,2026-08-07 14:55:04,11.212604166666667,7.336863425925926,1
6,1,400.0,1,1,0,0.0,2026-08-03 18:42:00,2026-08-03 18:48:40,11.179270833333334,11.174641203703704,1
51,3,515.0,2,4,0,0.0,2026-08-03 19:47:00,2026-08-10 16:08:16,11.134131944444444,4.2860300925925925,1
82,8,266.25,6,2,0,0.0,2026-08-03 19:48:00,2026-08-08 17:29:59,11.1334375,6.229282407407408,1
130,1,369.0,2,0,0,0.0,2026-08-03 20:17:00,2026-08-03 20:23:09,11.11329861111111,11.109027777777778,1
85,1,172.0,1,0,0,0.0,2026-08-03 20:47:00,2026-08-03 20:49:52,11.092465277777778,11.090474537037037,1
118,10,495.3,18,2,0,0.0,2026-08-03 20:48:00,2026-08-11 13:39:19,11.091770833333333,3.3894675925925926,1
73,8,375.5,8,4,1,19.99,2026-08-03 21:06:00,2026-08-13 22:51:32,11.079270833333334,1.0059837962962963,0
28,6,695.6666666666666,10,8,0,0.0,2026-08-03 21:24:00,2026-08-09 20:05:05,11.066770833333333,5.121574074074074,1
157,9,618.3333333333334,21,4,0,0.0,2026-08-03 22:23:00,2026-08-13 11:09:07,11.025798611111112,1.4937731481481482,0
39,6,587.6666666666666,13,5,0,0.0,2026-08-04 09:00:00,2026-08-14 23:00:09,10.5834375,0.0,0
167,4,662.5,10,2,0,0.0,2026-08-04 09:57:00,2026-08-12 17:37:56,10.543854166666666,2.223761574074074,0
92,14,479.2857142857143,22,8,0,0.0,2026-08-04 10:24:00,2026-08-14 15:46:46,10.525104166666667,0.30096064814814816,0
31,1,250.0,1,0,0,0.0,2026-08-04 10:48:00,2026-08-04 10:52:10,10.5084375,10.505543981481482,1
99,6,274.0,6,0,0,0.0,2026-08-04 11:08:00,2026-08-14 13:15:02,10.494548611111112,0.4063310185185185,0
147,3,556.0,3,4,0,0.0,2026-08-04 12:03:00,2026-08-06 15:59:25,10.456354166666667,8.292175925925926,1
142,6,381.3333333333333,7,5,0,0.0,2026-08-04 14:31:00,2026-08-09 12:50:02,10.35357638888889,5.42369212962963,1
4,4,773.0,7,7,0,0.0,2026-08-04 14:37:00,2026-08-12 11:05:23,10.349409722222223,2.4963657407407407,0
146,3,606.3333333333334,5,3,0,0.0,2026-08-04 15:42:00,2026-08-09 20:58:21,10.304270833333334,5.084583333333334,1
78,3,374.6666666666667,3,1,0,0.0,2026-08-04 15:46:00,2026-08-07 19:25:12,10.301493055555556,7.1492708333333335,1
5,4,516.75,8,0,0,0.0,2026-08-04 15:58:00,2026-08-07 20:49:15,10.293159722222223,7.090902777777778,1
134,2,385.5,4,0,0,0.0,2026-08-04 16:00:00,2026-08-07 16:34:45,10.291770833333333,7.2676388888888885,1
71,6,555.0,10,6,0,0.0,2026-08-04 16:20:00,2026-08-10 19:44:24,10.277881944444445,4.1359375,1
46,10,606.8,12,14,0,0.0,2026-08-04 16:50:00,2026-08-14 12:20:51,10.257048611111111,0.44395833333333334,0
81,1,510.0,1,1,0,0.0,2026-08-04 17:15:00,2026-08-04 17:23:30,10.2396875,10.233784722222222,1
7,1,621.0,1,1,0,0.0,2026-08-04 17:24:00,2026-08-04 17:34:21,10.2334375,10.22625,1
87,2,437.0,4,0,0,0.0,2026-08-04 18:28:00,2026-08-13 09:56:43,10.188993055555555,1.5440509259259259,0
102,5,359.8,8,0,0,0.0,2026-08-04 18:31:00,2026-08-09 09:52:38,10.186909722222222,5.546886574074074,1
66,14,624.8571428571429,29,10,0,0.0,2026-08-04 19:17:00,2026-08-14 20:35:23,10.154965277777778,0.1005324074074074,0
33,2,435.0,5,0,0,0.0,2026-08-04 20:09:00,2026-08-09 12:48:38,10.118854166666667,5.424664351851852,1
72,7,459.42857142857144,12,2,0,0.0,2026-08-04 20:25:00,2026-08-08 11:38:37,10.107743055555556,6.4732870370370375,1
35,2,470.0,3,1,0,0.0,2026-08-04 21:04:00,2026-08-05 20:58:39,10.080659722222222,9.084375,1
148,6,434.1666666666667,8,3,0,0.0,2026-08-04 21:31:00,2026-08-12 13:37:00,10.061909722222222,2.391076388888889,0
27,2,368.5,3,0,0,0.0,2026-08-04 22:39:00,2026-08-05 13:53:33,10.0146875,9.379583333333333,1
55,1,176.0,1,0,0,0.0,2026-08-05 09:11:00,2026-08-05 09:13:56,9.57579861111111,9.573761574074075,1
77,8,281.0,8,1,0,0.0,2026-08-05 10:55:00,2026-08-11 20:25:31,9.503576388888888,3.107384259259259,1
116,5,268.0,5,0,0,0.0,2026-08-05 11:13:00,2026-08-12 20:42:05,9.491076388888889,2.09587962962963,0
119,2,567.0,5,0,0,0.0,2026-08-05 13:58:00,2026-08-05 15:59:44,9.376493055555555,9.291956018518519,1
69,1,771.0,4,0,0,0.0,2026-08-05 18:34:00,2026-08-05 18:46:51,9.184826388888888,9.175902777777777,1
123,5,419.6,8,1,1,9.99,2026-08-05 20:45:00,2026-08-13 16:51:17,9.093854166666667,1.2561574074074073,0
8,4,540.75,6,3,0,0.0,2026-08-06 13:43:00,2026-08-12 14:41:41,8.386909722222223,2.346157407407407,0
19,3,224.66666666666666,3,0,0,0.0,2026-08-06 15:38:00,2026-08-08 20:59:51,8.307048611111112,6.083541666666667,1
64,1,259.0,1,0,0,0.0,2026-08-06 15:53:00,2026-08-06 15:57:19,8.296631944444444,8.293634259259258,1
95,7,531.5714285714286,15,2,0,0.0,2026-08-06 15:57:00,2026-08-14 10:12:50,8.293854166666666,0.5328587962962963,0
89,5,290.2,5,0,0,0.0,2026-08-06 22:25:00,2026-08-10 12:49:29,8.024409722222222,4.424074074074074,1
44,5,437.4,7,3,0,0.0,2026-08-07 11:53:00,2026-08-13 21:44:26,7.463298611111111,1.0525810185185185,0
169,4,475.75,8,0,0,0.0,2026-08-07 12:56:00,2026-08-13 21:00:33,7.419548611111111,1.0830555555555557,0
94,6,342.3333333333333,8,0,0,0.0,2026-08-07 14:37:00,2026-08-12 18:27:30,7.349409722222222,2.1893402777777777,0
178,7,548.5714285714286,12,5,3,4.97,2026-08-07 14:45:00,2026-08-12 19:54:33,7.343854166666667,2.128888888888889,0
1,3,214.0,2,1,0,0.0,2026-08-07 17:20:00,2026-08-14 17:04:29,7.236215277777778,0.24699074074074073,0
15,4,768.25,8,4,0,0.0,2026-08-07 17:21:00,2026-08-10 10:41:27,7.235520833333333,4.512986111111111,1
62,2,711.0,4,3,0,0.0,2026-08-07 18:13:00,2026-08-10 14:55:31,7.199409722222223,4.336550925925926,1
170,5,554.0,11,2,0,0.0,2026-08-07 20:19:00,2026-08-12 08:55:43,7.111909722222222,2.586412037037037,0
131,1,825.0,1,2,0,0.0,2026-08-08 08:49:00,2026-08-08 09:02:45,6.591076388888889,6.581527777777778,1
138,3,480.0,5,2,0,0.0,2026-08-08 09:40:00,2026-08-14 21:04:18,6.555659722222222,0.08045138888888889,0
20,7,640.5714285714286,15,4,0,0.0,2026-08-08 14:19:00,2026-08-13 22:27:02,6.361909722222222,1.0229976851851852,0
122,7,716.5714285714286,14,8,0,0.0,2026-08-08 15:01:00,2026-08-13 16:05:04,6.3327430555555555,1.2882523148148148,0
98,3,425.6666666666667,5,1,0,0.0,2026-08-08 16:12:00,2026-08-13 21:14:53,6.2834375,1.0731018518518518,0
107,3,309.3333333333333,3,0,0,0.0,2026-08-08 19:27:00,2026-08-10 08:29:47,6.148020833333334,4.604421296296296,1
75,5,389.4,7,0,0,0.0,2026-08-08 20:00:00,2026-08-13 11:24:15,6.125104166666667,1.483263888888889,0
22,4,377.5,6,0,0,0.0,2026-08-09 08:39:00,2026-08-13 21:06:23,5.598020833333333,1.0790046296296296,0
174,3,438.0,4,2,1,0.99,2026-08-09 09:04:00,2026-08-13 14:08:23,5.580659722222222,1.3692824074074075,0
2,2,646.5,5,0,0,0.0,2026-08-09 09:08:00,2026-08-10 14:35:08,5.577881944444444,4.350706018518519,1
80,3,347.6666666666667,3,1,0,0.0,2026-08-09 10:49:00,2026-08-11 08:43:29,5.507743055555555,3.5949074074074074,1
127,4,313.0,3,1,0,0.0,2026-08-09 11:42:00,2026-08-12 20:49:58,5.4709375,2.0904050925925928,0
125,1,243.0,1,0,0,0.0,2026-08-09 13:41:00,2026-08-09 13:45:03,5.388298611111111,5.385486111111111,1
86,5,674.0,10,4,0,0.0,2026-08-09 17:11:00,2026-08-14 21:39:47,5.242465277777778,0.055810185185185185,0
12,1,422.0,2,0,0,0.0,2026-08-09 17:37:00,2026-08-09 17:44:02,5.224409722222222,5.219525462962963,1
91,8,273.5,6,2,2,29.979999999999997,2026-08-09 18:37:00,2026-08-13 22:18:32,5.182743055555555,1.028900462962963,0
57,5,360.2,6,0,0,0.0,2026-08-09 22:30:00,2026-08-13 14:28:51,5.0209375,1.3550694444444444,0
70,5,400.4,7,0,0,0.0,2026-08-10 09:02:00,2026-08-14 17:45:34,4.582048611111111,0.21846064814814814,0
36,6,191.16666666666666,3,3,0,0.0,2026-08-10 11:34:00,2026-08-14 12:19:51,4.476493055555555,0.4446527777777778,0
49,1,301.0,1,0,0,0.0,2026-08-10 13:52:00,2026-08-10 13:57:01,4.380659722222222,4.3771759259259255,1
161,1,507.0,1,1,0,0.0,2026-08-10 16:24:00,2026-08-10 16:32:27,4.275104166666667,4.269236111111111,1
79,6,550.0,14,1,0,0.0,2026-08-10 18:12:00,2026-08-14 13:54:25,4.200104166666667,0.3789814814814815,0
32,4,316.0,4,1,1,4.99,2026-08-10 20:44:00,2026-08-13 17:06:47,4.094548611111111,1.2453935185185185,0
76,2,566.5,4,1,0,0.0,2026-08-10 21:41:00,2026-08-10 22:34:18,4.054965277777778,4.017951388888889,1
74,1,505.0,3,0,0,0.0,2026-08-11 08:48:00,2026-08-11 08:56:25,3.5917708333333334,3.5859259259259257,1
112,3,631.0,8,0,0,0.0,2026-08-11 13:46:00,2026-08-12 09:29:06,3.384826388888889,2.5632291666666664,0
128,4,453.5,4,6,0,0.0,2026-08-11 15:12:00,2026-08-14 20:18:15,3.3251041666666667,0.11243055555555556,0
149,4,592.5,7,3,0,0.0,2026-08-11 18:47:00,2026-08-14 16:56:49,3.175798611111111,0.2523148148148148,0
100,1,605.0,1,1,0,0.0,2026-08-11 19:06:00,2026-08-11 19:16:05,3.1626041666666667,3.155601851851852,1
144,3,504.0,4,2,0,0.0,2026-08-11 22:31:00,2026-08-13 21:55:27,3.0202430555555555,1.0449305555555555,0
65,2,318.0,2,0,0,0.0,2026-08-12 09:22:00,2026-08-12 15:55:05,2.568159722222222,2.295185185185185,0
135,1,221.0,1,0,0,0.0,2026-08-12 11:00:00,2026-08-12 11:03:41,2.5001041666666666,2.497546296296296,0
67,2,855.0,6,2,0,0.0,2026-08-12 11:40:00,2026-08-14 11:27:07,2.472326388888889,0.48127314814814814,0
38,1,318.0,1,0,0,0.0,2026-08-12 11:53:00,2026-08-12 11:58:18,2.463298611111111,2.4596180555555556,0
63,1,340.0,1,0,0,0.0,2026-08-12 15:51:00,2026-08-12 15:56:40,2.298020833333333,2.294085648148148,0
114,1,224.0,1,0,0,0.0,2026-08-12 17:03:00,2026-08-12 17:06:44,2.2480208333333334,2.2454282407407407,0
133,3,241.0,3,0,0,0.0,2026-08-12 17:50:00,2026-08-14 14:17:19,2.2153819444444443,0.3630787037037037,0
156,2,172.0,2,0,0,0.0,2026-08-12 19:49:00,2026-08-14 10:42:45,2.1327430555555558,0.5120833333333333,0
103,1,790.0,2,1,0,0.0,2026-08-12 20:04:00,2026-08-12 20:17:10,2.122326388888889,2.1131828703703706,0
37,2,252.0,1,1,0,0.0,2026-08-13 10:06:00,2026-08-14 20:16:37,1.5376041666666667,0.11356481481481481,0
143,4,338.75,6,2,0,0.0,2026-08-13 10:12:00,2026-08-14 19:01:00,1.5334375,0.1660763888888889,0
97,2,310.0,1,1,0,0.0,2026-08-13 10:37:00,2026-08-13 19:58:05,1.5160763888888888,1.1264351851851853,0
176,2,328.0,2,0,0,0.0,2026-08-13 11:12:00,2026-08-14 18:46:51,1.4917708333333333,0.17590277777777777,0
93,1,323.0,1,0,0,0.0,2026-08-13 16:40:00,2026-08-13 16:45:23,1.2639930555555556,1.2602546296296295,0
137,1,393.0,1,1,0,0.0,2026-08-13 22:40:00,2026-08-13 22:46:33,1.0139930555555556,1.0094444444444444,0
158,1,278.0,0,1,0,0.0,2026-08-14 09:09:00,2026-08-14 09:13:38,0.5771875,0.5739699074074074,0
42,1,208.0,1,0,0,0.0,2026-08-14 10:11:00,2026-08-14 10:14:28,0.5341319444444445,0.531724537037037,0
117,1,698.0,2,1,0,0.0,2026-08-14 10:46:00,2026-08-14 10:57:38,0.5098263888888889,0.5017476851851852,0
145,2,750.0,4,2,0,0.0,2026-08-14 15:14:00,2026-08-14 16:33:52,0.32371527777777775,0.2682523148148148,0
53,1,433.0,2,0,0,0.0,2026-08-14 16:14:00,2026-08-14 16:21:13,0.2820486111111111,0.277037037037037,0
179,1,335.0,1,0,0,0.0,2026-08-14 17:41:00,2026-08-14 17:46:35,0.22163194444444445,0.21775462962962963,0
26,1,220.0,1,0,0,0.0,2026-08-14 20:45:00,2026-08-14 20:48:40,0.09385416666666667,0.09130787037037037,0
109,2,340.5,3,0,0,0.0,2026-08-14 20:58:00,2026-08-14 22:00:25,0.0848263888888889,0.04148148148148148,0
